650,15,4,0,1,1,21.32,25,42,30.0026
650,16,4,0,1,1,18.86,22.725,41,23.9994
650,17,4,0,1,1,18.86,22.725,38,26.0027
650,18,4,0,1,1,18.04,21.97,38,19.9995
650,19,4,0,1,1,17.22,21.21,41,15.0013
650,20,4,0,1,1,17.22,21.21,47,8.9981
650,21,4,0,1,1,16.4,20.455,54,12.998
650,22,4,0,1,1,16.4,20.455,47,19.9995
650,23,4,0,1,1,14.76,17.425,57,12.998
651,0,4,0,0,1,14.76,18.18,57,6.0032
651,1,4,0,0,1,13.94,16.665,53,8.9981
651,2,4,0,0,1,13.94,16.665,53,12.998
651,3,4,0,0,1,13.12,15.15,66,15.0013
651,4,4,0,0,1,12.3,15.15,65,11.0014
651,5,4,0,0,1,12.3,14.395,61,12.998
651,6,4,0,0,1,12.3,14.395,61,12.998
651,7,4,0,0,1,12.3,15.15,61,11.0014
651,8,4,0,0,1,13.94,17.425,53,7.0015
651,9,4,0,0,1,14.76,18.18,50,6.0032
651,10,4,0,0,1,16.4,20.455,43,0
651,11,4,0,0,1,17.22,21.21,35,8.9981
651,12,4,0,0,1,18.04,21.97,35,0
651,13,4,0,0,1,18.86,22.725,36,12.998
651,14,4,0,0,1,19.68,23.485,33,12.998
651,15,4,0,0,1,20.5,24.24,36,12.998
651,16,4,0,0,1,20.5,24.24,31,12.998
651,17,4,0,0,1,18.86,22.725,38,11.0014
651,18,4,0,0,1,18.86,22.725,44,8.9981
651,19,4,0,0,1,18.04,21.97,44,11.0014
651,20,4,0,0,1,16.4,20.455,54,6.0032
651,21,4,0,0,1,16.4,20.455,58,12.998
651,22,4,0,0,1,16.4,20.455,62,0
651,23,4,0,0,1,17.22,21.21,58,19.9995
652,0,4,0,0,1,16.4,20.455,71,16.9979
652,1,4,0,0,1,17.22,21.21,77,19.0012
652,2,4,0,0,1,16.4,20.455,76,6.0032
652,3,4,0,0,1,17.22,21.21,77,19.9995
652,4,4,0,0,1,17.22,21.21,77,19.0012
652,5,4,0,0,1,16.4,20.455,82,12.998
652,6,4,0,0,1,16.4,20.455,82,11.0014
652,7,4,0,0,1,17.22,21.21,82,15.0013
652,8,4,0,0,1,18.04,21.97,77,12.998
652,9,4,0,0,2,19.68,23.485,67,19.0012
652,10,4,0,0,1,22.14,25.76,56,12.998
652,11,4,0,0,1,22.96,26.515,52,19.9995
652,12,4,0,0,1,25.42,31.06,46,22.0028
652,13,4,0,0,1,26.24,31.06,41,30.0026
652,14,4,0,0,1,27.06,31.06,39,27.9993
652,15,4,0,0,1,27.06,31.06,39,27.9993
652,16,4,0,0,1,26.24,31.06,41,19.9995
652,17,4,0,0,1,26.24,31.06,44,12.998
652,18,4,0,0,1,23.78,27.275,60,16.9979
652,19,4,0,0,1,22.96,26.515,64,15.0013
652,20,4,0,0,1,22.14,25.76,73,15.0013
652,21,4,0,0,1,22.96,26.515,73,30.0026
652,22,4,0,0,1,22.96,26.515,73,26.0027
652,23,4,0,0,2,22.96,26.515,68,19.0012
653,0,4,0,1,2,22.96,26.515,73,16.9979
653,1,4,0,1,2,23.78,27.275,64,26.0027
653,2,4,0,1,2,23.78,27.275,64,23.9994
653,3,4,0,1,2,22.96,26.515,73,16.9979
653,4,4,0,1,2,22.96,26.515,68,15.0013
653,5,4,0,1,2,22.96,26.515,73,19.0012
653,6,4,0,1,2,22.96,26.515,73,19.9995
653,7,4,0,1,2,23.78,27.275,68,22.0028
653,8,4,0,1,2,24.6,30.305,64,26.0027
653,9,4,0,1,3,24.6,29.545,69,26.0027
653,10,4,0,1,2,24.6,29.545,73,26.0027
653,11,4,0,1,2,24.6,29.545,73,26.0027
653,12,4,0,1,3,24.6,28.79,78,22.0028
653,13,4,0,1,2,22.96,26.515,88,15.0013
653,14,4,0,1,2,24.6,28.79,78,19.0012
653,15,4,0,1,1,24.6,28.79,78,22.0028
653,16,4,0,1,1,22.96,26.515,64,19.9995
653,17,4,0,1,1,22.96,26.515,64,16.9979
653,18,4,0,1,3,22.14,25.76,77,8.9981
653,19,4,0,1,3,21.32,25,83,6.0032
653,20,4,0,1,2,21.32,25,72,26.0027
653,21,4,0,1,1,21.32,25,59,22.0028
653,22,4,0,1,1,20.5,24.24,59,19.0012
653,23,4,0,1,1,18.86,22.725,63,15.0013
654,0,4,0,1,1,18.86,22.725,63,26.0027
654,1,4,0,1,1,18.04,21.97,67,12.998
654,2,4,0,1,1,18.04,21.97,67,8.9981
654,3,4,0,1,1,17.22,21.21,67,7.0015
654,4,4,0,1,1,17.22,21.21,67,11.0014
654,5,4,0,1,1,17.22,21.21,67,16.9979
654,6,4,0,1,1,17.22,21.21,67,11.0014
654,7,4,0,1,1,17.22,21.21,67,6.0032
654,8,4,0,1,1,18.04,21.97,62,0
654,9,4,0,1,1,19.68,23.485,55,16.9979
654,10,4,0,1,1,20.5,24.24,48,19.0012
654,11,4,0,1,1,20.5,24.24,45,27.9993
654,12,4,0,1,2,21.32,25,45,22.0028
654,13,4,0,1,1,21.32,25,45,19.0012
654,14,4,0,1,1,22.14,25.76,39,16.9979
654,15,4,0,1,1,22.14,25.76,41,22.0028
654,16,4,0,1,1,22.14,25.76,39,19.0012
654,17,4,0,1,1,21.32,25,39,12.998
654,18,4,0,1,1,20.5,24.24,42,11.0014
654,19,4,0,1,1,19.68,23.485,48,0
654,20,4,0,1,1,18.86,22.725,55,0
654,21,4,0,1,1,18.86,22.725,63,0
654,22,4,0,1,1,16.4,20.455,71,6.0032
654,23,4,0,1,1,16.4,20.455,71,0
655,0,4,0,1,1,15.58,19.695,76,0
655,1,4,0,1,1,15.58,19.695,76,0
655,2,4,0,1,1,15.58,19.695,76,0
655,3,4,0,1,1,14.76,18.94,87,0
655,4,4,0,1,1,14.76,18.18,81,6.0032
655,5,4,0,1,2,14.76,18.94,81,0
655,6,4,0,1,1,15.58,19.695,82,0
655,7,4,0,1,1,14.76,18.18,81,7.0015
655,8,4,0,1,2,16.4,20.455,76,0
655,9,4,0,1,2,17.22,21.21,77,0
655,10,4,0,1,2,18.86,22.725,67,0
655,11,4,0,1,2,20.5,24.24,51,6.0032
655,12,4,0,1,2,21.32,25,48,11.0014
655,13,4,0,1,2,22.14,25.76,49,8.9981
655,14,4,0,1,2,22.96,26.515,43,11.0014
655,15,4,0,1,2,23.78,27.275,43,15.0013
655,16,4,0,1,1,22.96,26.515,52,12.998
655,17,4,0,1,1,22.14,25.76,56,7.0015
655,18,4,0,1,1,21.32,25,59,11.0014
655,19,4,0,1,1,20.5,24.24,72,12.998
655,20,4,0,1,1,20.5,24.24,72,8.9981
655,21,4,0,1,1,18.86,22.725,82,12.998
655,22,4,0,1,1,18.86,22.725,88,16.9979
655,23,4,0,1,1,18.86,22.725,88,15.0013
656,0,4,0,1,1,18.86,22.725,88,12.998
656,1,4,0,1,1,18.86,22.725,82,15.0013
656,2,4,0,1,1,18.86,22.725,82,12.998
656,3,4,0,1,1,18.04,21.97,88,15.0013
656,4,4,0,1,1,18.04,21.97,88,15.0013
656,5,4,0,1,1,18.04,21.97,82,15.0013
656,6,4,0,1,1,18.04,21.97,88,19.9995
656,7,4,0,1,1,18.04,21.97,88,16.9979
656,8,4,0,1,1,18.86,22.725,82,16.9979
656,9,4,0,1,2,20.5,24.24,77,11.0014
656,10,4,0,1,2,21.32,25,68,15.0013
656,11,4,0,1,2,22.96,26.515,56,15.0013
656,12,4,0,1,2,24.6,31.06,53,16.9979
656,13,4,0,1,1,25.42,31.06,53,23.9994
656,14,4,0,1,2,25.42,31.06,50,19.9995
656,15,4,0,1,2,24.6,30.305,60,12.998
656,16,4,0,1,1,24.6,31.06,56,19.0012
656,17,4,0,1,2,23.78,27.275,64,22.0028
656,18,4,0,1,2,22.96,26.515,64,22.0028
656,19,4,0,1,2,22.96,26.515,68,19.9995
656,20,4,0,1,2,22.96,26.515,68,16.9979
656,21,4,0,1,2,22.14,25.76,77,12.998
656,22,4,0,1,2,22.14,25.76,83,12.998
656,23,4,0,1,2,22.14,25.76,83,0
657,0,4,0,1,2,22.96,26.515,83,7.0015
657,1,4,0,1,3,22.14,25.76,88,0
657,2,4,0,1,2,22.14,25.76,88,0
657,3,4,0,1,2,22.96,26.515,83,0
657,4,4,0,1,2,22.96,26.515,83,0
657,5,4,0,1,2,22.14,25.76,88,0
657,6,4,0,1,3,22.14,25.76,94,11.0014
657,7,4,0,1,3,22.14,25.76,94,0
657,8,4,0,1,2,22.14,25.76,94,7.0015
657,9,4,0,1,2,22.14,25.76,94,7.0015
657,10,4,0,1,2,23.78,27.275,88,12.998
657,11,4,0,1,1,24.6,28.03,83,12.998
657,12,4,0,1,1,26.24,30.305,69,15.0013
657,13,4,0,1,1,25.42,29.545,73,15.0013
657,14,4,0,1,1,27.06,31.06,61,16.9979
657,15,4,0,1,1,26.24,30.305,65,19.9995
657,16,4,0,1,3,25.42,30.305,69,23.9994
657,17,4,0,1,3,25.42,30.305,69,23.9994
657,18,4,0,1,1,22.96,26.515,83,7.0015
657,19,4,0,1,1,22.14,25.76,88,11.0014
657,20,4,0,1,1,21.32,25,77,12.998
657,21,4,0,1,1,20.5,24.24,77,0
657,22,4,0,1,1,20.5,24.24,77,6.0032
657,23,4,0,1,1,18.86,22.725,88,7.0015
670,0,4,0,1,1,14.76,18.18,57,6.0032
670,1,4,0,1,1,12.3,15.91,75,7.0015
670,2,4,0,1,1,13.12,16.665,66,8.9981
670,3,4,0,1,1,13.94,16.665,61,8.9981
670,4,4,0,1,2,13.94,17.425,66,7.0015
670,5,4,0,1,1,13.94,16.665,66,8.9981
670,6,4,0,1,1,13.94,16.665,61,11.0014
670,7,4,0,1,2,14.76,17.425,57,11.0014
670,8,4,0,1,2,14.76,18.94,56,7.0015
670,9,4,0,1,3,14.76,18.18,57,7.0015
670,10,4,0,1,3,14.76,17.425,62,12.998
670,11,4,0,1,3,14.76,17.425,62,12.998
670,12,4,0,1,3,15.58,19.695,62,11.0014
670,13,4,0,1,2,16.4,20.455,58,11.0014
670,14,4,0,1,2,16.4,20.455,50,15.0013
670,15,4,0,1,2,16.4,20.455,54,11.0014
670,16,4,0,1,2,16.4,20.455,54,11.0014
670,17,4,0,1,3,16.4,20.455,50,15.0013
670,18,4,0,1,2,16.4,20.455,50,11.0014
670,19,4,0,1,2,16.4,20.455,50,11.0014
670,20,4,0,1,2,15.58,19.695,54,16.9979
670,21,4,0,1,2,15.58,19.695,54,8.9981
670,22,4,0,1,1,14.76,17.425,57,11.0014
670,23,4,0,1,1,13.94,16.665,57,11.0014
671,0,4,0,1,1,13.94,16.665,57,11.0014
671,1,4,0,1,1,13.12,15.91,66,11.0014
671,2,4,0,1,1,13.12,15.91,66,11.0014
671,3,4,0,1,1,12.3,15.15,70,11.0014
671,4,4,0,1,1,12.3,15.91,70,7.0015
671,5,4,0,1,2,13.12,15.91,66,11.0014
671,6,4,0,1,1,12.3,15.15,70,11.0014
671,7,4,0,1,2,12.3,15.15,70,8.9981
671,8,4,0,1,1,13.12,16.665,57,7.0015
671,9,4,0,1,1,13.94,17.425,53,7.0015
671,10,4,0,1,1,15.58,19.695,46,19.9995
671,11,4,0,1,1,17.22,21.21,41,27.9993
671,12,4,0,1,1,17.22,21.21,41,23.9994
671,13,4,0,1,1,16.4,20.455,43,23.9994
671,14,4,0,1,2,16.4,20.455,40,32.9975
671,15,4,0,1,2,16.4,20.455,40,27.9993
671,16,4,0,1,1,15.58,19.695,40,22.0028
671,17,4,0,1,1,15.58,19.695,40,22.0028
671,18,4,0,1,2,15.58,19.695,43,22.0028
671,19,4,0,1,2,15.58,19.695,43,19.9995
671,20,4,0,1,2,14.76,16.665,46,27.9993
671,21,4,0,1,2,14.76,16.665,46,23.9994
671,22,4,0,1,1,14.76,16.665,46,16.9979
671,23,4,0,1,1,13.94,15.15,53,19.9995
672,0,4,0,0,1,13.94,16.665,53,11.0014
672,1,4,0,0,2,13.94,15.15,49,22.0028
672,2,4,0,0,2,13.94,15.91,49,16.9979
672,3,4,0,0,2,13.94,15.91,49,16.9979
672,4,4,0,0,2,13.12,15.15,49,19.9995
672,5,4,0,0,2,13.12,15.15,49,16.9979
672,6,4,0,0,2,13.12,15.91,49,12.998
672,7,4,0,0,2,13.12,15.15,49,16.9979
672,8,4,0,0,2,13.94,15.15,46,19.9995
672,9,4,0,0,2,13.94,15.15,49,19.9995
672,10,4,0,0,1,14.76,16.665,46,26.0027
672,11,4,0,0,2,14.76,16.665,46,26.0027
672,12,4,0,0,2,14.76,15.91,46,31.0009
672,13,4,0,0,2,14.76,16.665,46,23.9994
672,14,4,0,0,2,14.76,16.665,50,22.0028
672,15,4,0,0,2,14.76,15.91,46,30.0026
672,16,4,0,0,2,14.76,16.665,46,22.0028
672,17,4,0,0,2,14.76,16.665,46,19.9995
672,18,4,0,0,2,14.76,16.665,46,19.0012
672,19,4,0,0,1,14.76,17.425,50,11.0014
672,20,4,0,0,1,13.94,16.665,53,8.9981
672,21,4,0,0,1,13.94,17.425,53,7.0015
672,22,4,0,0,1,13.12,16.665,57,7.0015
672,23,4,0,0,1,13.12,16.665,57,7.0015
673,0,4,0,0,1,12.3,15.91,61,7.0015
673,1,4,0,0,1,10.66,14.395,81,6.0032
673,2,4,0,0,1,12.3,16.665,65,0
673,3,4,0,0,1,11.48,14.395,61,7.0015
673,4,4,0,0,1,10.66,13.635,65,8.9981
673,5,4,0,0,1,10.66,13.635,65,7.0015
673,6,4,0,0,1,11.48,14.395,61,8.9981
673,7,4,0,0,1,10.66,13.635,65,7.0015
673,8,4,0,0,1,12.3,15.15,56,8.9981
673,9,4,0,0,1,13.12,16.665,53,0
673,10,4,0,0,1,13.94,16.665,49,12.998
673,11,4,0,0,1,15.58,19.695,46,15.0013
673,12,4,0,0,1,15.58,19.695,46,15.0013
673,13,4,0,0,1,16.4,20.455,43,15.0013
673,14,4,0,0,1,16.4,20.455,40,12.998
673,15,4,0,0,1,16.4,20.455,40,15.0013
673,16,4,0,0,1,16.4,20.455,40,22.0028
673,17,4,0,0,1,14.76,17.425,43,12.998
673,18,4,0,0,1,14.76,17.425,43,15.0013
673,19,4,0,0,1,14.76,16.665,43,16.9979
673,20,4,0,0,1,13.12,14.395,53,23.9994
673,21,4,0,0,1,12.3,13.635,52,19.9995
673,22,4,0,0,1,12.3,14.395,52,19.0012
673,23,4,0,0,2,12.3,15.15,56,11.0014
674,0,4,0,1,2,12.3,14.395,56,12.998
674,1,4,0,1,2,12.3,15.15,56,11.0014
674,2,4,0,1,2,12.3,15.15,56,11.0014
674,3,4,0,1,2,12.3,14.395,56,15.0013
674,4,4,0,1,2,12.3,14.395,52,16.9979
674,5,4,0,1,2,12.3,13.635,52,22.0028
674,6,4,0,1,2,12.3,14.395,49,19.0012
674,7,4,0,1,2,12.3,14.395,49,16.9979
674,8,4,0,1,2,12.3,14.395,49,15.0013
674,9,4,0,1,2,12.3,14.395,52,19.0012
674,10,4,0,1,1,13.12,15.15,49,19.0012
674,11,4,0,1,1,13.94,15.91,46,15.0013
674,12,4,0,1,1,14.76,16.665,43,22.0028
674,13,4,0,1,1,14.76,16.665,40,16.9979
674,14,4,0,1,1,15.58,19.695,40,11.0014
674,15,4,0,1,1,15.58,19.695,40,19.0012
674,16,4,0,1,1,14.76,16.665,43,19.0012
674,17,4,0,1,1,13.94,15.91,46,15.0013
674,18,4,0,1,1,13.94,15.91,46,15.0013
674,19,4,0,1,1,13.12,15.91,49,11.0014
674,20,4,0,1,1,13.12,15.15,49,16.9979
674,21,4,0,1,1,12.3,14.395,52,19.0012
674,22,4,0,1,1,11.48,13.635,56,12.998
674,23,4,0,1,1,10.66,13.635,60,8.9981
675,0,4,0,1,1,9.84,12.88,60,7.0015
675,1,4,0,1,1,9.84,12.12,60,11.0014
675,2,4,0,1,1,9.84,12.88,65,6.0032
675,3,4,0,1,1,9.02,12.12,64,7.0015
675,4,4,0,1,1,9.02,12.88,69,6.0032
675,5,4,0,1,2,9.02,11.365,64,12.998
675,6,4,0,1,1,9.02,11.365,69,8.9981
675,7,4,0,1,1,8.2,10.605,69,11.0014
675,8,4,0,1,1,9.02,11.365,69,11.0014
675,9,4,0,1,1,10.66,12.88,60,11.0014
675,10,4,0,1,1,12.3,14.395,49,12.998
675,11,4,0,1,1,13.12,16.665,45,8.9981
675,12,4,0,1,1,13.12,16.665,45,8.9981
675,13,4,0,1,1,13.94,16.665,46,8.9981
675,14,4,0,1,1,14.76,18.18,40,7.0015
675,15,4,0,1,1,13.94,15.91,46,16.9979
675,16,4,0,1,1,13.94,16.665,46,11.0014
675,17,4,0,1,1,13.12,15.15,53,15.0013
675,18,4,0,1,1,13.12,15.15,57,19.9995
675,19,4,0,1,1,12.3,14.395,56,15.0013
675,20,4,0,1,1,12.3,14.395,61,15.0013
675,21,4,0,1,2,12.3,14.395,56,16.9979
675,22,4,0,1,2,12.3,14.395,56,15.0013
675,23,4,0,1,1,12.3,14.395,56,15.0013
676,0,4,0,1,2,12.3,14.395,56,19.0012
676,1,4,0,1,2,11.48,13.635,61,16.9979
676,2,4,0,1,2,11.48,12.88,56,19.9995
676,3,4,0,1,2,11.48,12.88,52,22.0028
676,4,4,0,1,2,11.48,12.88,52,19.9995
676,5,4,0,1,2,11.48,12.88,52,22.0028
676,6,4,0,1,2,10.66,12.12,56,19.0012
676,7,4,0,1,2,10.66,11.365,56,19.9995
676,8,4,0,1,2,10.66,12.12,60,19.0012
676,9,4,0,1,2,10.66,12.12,60,19.0012
676,10,4,0,1,2,11.48,12.88,56,19.9995
676,11,4,0,1,2,13.12,14.395,51,23.9994
676,12,4,0,1,2,13.12,15.15,53,19.0012
676,13,4,0,1,2,13.12,15.15,53,16.9979
676,14,4,0,1,2,13.12,14.395,53,23.9994
676,15,4,0,1,2,13.12,15.15,53,19.9995
676,16,4,0,1,2,13.12,14.395,53,23.9994
676,17,4,0,1,2,13.12,14.395,53,26.0027
676,18,4,0,1,2,13.12,14.395,53,23.9994
676,19,4,0,1,2,12.3,13.635,56,19.9995
676,20,4,0,1,2,13.12,15.15,49,22.0028
676,21,4,0,1,2,13.12,15.15,49,19.9995
676,22,4,0,1,3,12.3,14.395,56,16.9979
676,23,4,0,1,3,11.48,13.635,65,15.0013
677,0,4,0,1,3,11.48,13.635,61,15.0013
677,1,4,0,1,3,12.3,13.635,52,23.9994
677,2,4,0,1,2,12.3,14.395,49,15.0013
677,4,4,0,1,2,12.3,14.395,45,19.0012
677,5,4,0,1,2,12.3,14.395,42,15.0013
677,6,4,0,1,1,12.3,14.395,39,15.0013
677,7,4,0,1,1,11.48,12.88,36,26.0027
677,8,4,0,1,1,12.3,14.395,33,19.0012
677,9,4,0,1,1,13.12,14.395,31,23.9994
677,10,4,0,1,1,13.12,15.15,31,22.0028
677,11,4,0,1,1,14.76,16.665,29,26.0027
677,12,4,0,1,1,16.4,20.455,24,32.9975
677,13,4,0,1,1,18.04,21.97,18,27.9993
677,14,4,0,1,1,18.04,21.97,18,27.9993
677,15,4,0,1,1,18.04,21.97,18,27.9993
677,16,4,0,1,1,17.22,21.21,16,26.0027
677,17,4,0,1,1,16.4,20.455,20,19.9995
677,18,4,0,1,1,16.4,20.455,24,27.9993
677,19,4,0,1,1,15.58,19.695,27,23.9994
677,20,4,0,1,1,15.58,19.695,29,31.0009
677,21,4,0,1,1,14.76,16.665,37,26.0027
677,22,4,0,1,1,13.94,15.15,42,19.9995
677,23,4,0,1,1,13.94,15.15,46,23.9994
678,0,4,0,1,1,13.94,15.15,49,22.0028
678,1,4,0,1,1,13.12,15.15,53,19.0012
678,2,4,0,1,1,13.12,15.15,53,16.9979
678,3,4,0,1,1,13.12,14.395,53,27.9993
678,4,4,0,1,1,13.12,14.395,53,23.9994
678,5,4,0,1,1,12.3,14.395,56,12.998
678,6,4,0,1,1,10.66,13.635,65,7.0015
678,7,4,0,1,1,10.66,13.635,65,8.9981
678,8,4,0,1,1,13.12,15.91,57,11.0014
678,9,4,0,1,1,13.94,15.15,53,27.9993
678,10,4,0,1,1,14.76,16.665,50,22.0028
678,11,4,0,1,1,16.4,20.455,47,19.9995
678,12,4,0,1,1,18.04,21.97,41,22.0028
678,13,4,0,1,1,18.86,22.725,38,19.9995
678,14,4,0,1,1,18.86,22.725,38,12.998
678,15,4,0,1,1,18.86,22.725,36,15.0013
678,16,4,0,1,1,18.86,22.725,38,11.0014
678,17,4,0,1,1,17.22,21.21,44,8.9981
678,18,4,0,1,1,17.22,21.21,44,7.0015
678,19,4,0,1,1,13.94,17.425,71,6.0032
678,20,4,0,1,1,14.76,17.425,66,8.9981
678,21,4,0,1,1,13.94,18.18,76,0
678,22,4,0,1,1,13.94,17.425,71,7.0015
678,23,4,0,1,1,13.12,16.665,81,6.0032
679,0,4,0,0,1,13.12,16.665,76,6.0032
679,1,4,0,0,1,12.3,15.91,81,6.0032
679,2,4,0,0,1,13.12,17.425,81,0
679,3,4,0,0,1,12.3,16.665,81,0
679,4,4,0,0,1,10.66,13.635,87,7.0015
679,5,4,0,0,1,11.48,15.91,87,0
679,6,4,0,0,1,9.84,12.88,93,6.0032
679,7,4,0,0,1,10.66,13.635,87,7.0015
679,8,4,0,0,1,13.12,17.425,76,0
679,9,4,0,0,1,14.76,17.425,66,12.998
679,10,4,0,0,1,16.4,20.455,58,0
679,11,4,0,0,1,16.4,20.455,58,7.0015
679,12,4,0,0,1,19.68,23.485,48,0
679,13,4,0,0,1,21.32,25,39,0
679,14,4,0,0,1,22.14,25.76,37,0
679,15,4,0,0,1,21.32,25,45,0
679,16,4,0,0,1,22.14,25.76,37,0
679,17,4,0,0,1,20.5,24.24,45,12.998
679,18,4,0,0,1,18.04,21.97,54,8.9981
679,19,4,0,0,1,18.86,22.725,51,6.0032
679,20,4,0,0,1,18.04,21.97,54,0
679,21,4,0,0,1,16.4,20.455,66,0
679,22,4,0,0,1,15.58,19.695,71,6.0032
679,23,4,0,0,1,14.76,18.18,71,7.0015
680,0,4,0,0,1,13.94,17.425,81,6.0032
680,1,4,0,0,1,13.94,17.425,76,6.0032
680,2,4,0,0,1,13.12,16.665,87,7.0015
680,3,4,0,0,1,13.94,18.18,81,0
680,4,4,0,0,1,13.12,16.665,81,7.0015
680,5,4,0,0,1,12.3,15.15,87,8.9981
680,6,4,0,0,1,12.3,15.91,87,6.0032
680,7,4,0,0,1,12.3,15.91,89,6.0032
680,8,4,0,0,1,13.12,16.665,87,7.0015
680,9,4,0,0,1,14.76,18.94,77,0
680,10,4,0,0,1,16.4,20.455,69,7.0015
680,11,4,0,0,1,18.86,22.725,59,8.9981
680,12,4,0,0,1,20.5,24.24,48,6.0032
680,13,4,0,0,1,22.14,25.76,45,7.0015
680,14,4,0,0,1,24.6,31.06,33,11.0014
680,15,4,0,0,1,22.96,26.515,37,15.0013
680,16,4,0,0,1,22.14,25.76,42,15.0013
680,17,4,0,0,1,22.14,25.76,45,11.0014
680,18,4,0,0,1,21.32,25,45,8.9981
680,19,4,0,0,1,19.68,23.485,55,8.9981
680,20,4,0,0,1,18.04,21.97,62,11.0014
680,21,4,0,0,1,18.04,21.97,67,15.0013
680,22,4,0,0,1,17.22,21.21,71,12.998
680,23,4,0,0,1,17.22,21.21,71,12.998
681,0,4,1,0,1,17.22,21.21,71,7.0015
681,1,4,1,0,1,16.4,20.455,76,11.0014
681,2,4,1,0,1,16.4,20.455,76,8.9981
681,3,4,1,0,1,16.4,20.455,76,8.9981
681,4,4,1,0,1,16.4,20.455,76,6.0032
681,5,4,1,0,1,15.58,19.695,87,0
681,6,4,1,0,1,15.58,19.695,87,7.0015
681,7,4,1,0,1,16.4,20.455,87,0
681,8,4,1,0,1,17.22,21.21,82,11.0014
681,9,4,1,0,1,18.04,21.97,88,7.0015
681,10,4,1,0,1,19.68,23.485,77,11.0014
681,11,4,1,0,1,21.32,25,72,11.0014
681,12,4,1,0,1,22.96,26.515,64,15.0013
681,13,4,1,0,1,24.6,30.305,60,15.0013
681,14,4,1,0,1,23.78,27.275,60,19.0012
681,15,4,1,0,1,22.96,26.515,64,16.9979
681,16,4,1,0,1,22.96,26.515,64,11.0014
681,17,4,1,0,1,22.96,26.515,64,19.0012
681,18,4,1,0,1,21.32,25,72,8.9981
681,19,4,1,0,1,22.14,25.76,73,19.0012
681,20,4,1,0,2,21.32,25,77,19.0012
681,21,4,1,0,3,22.14,25.76,73,15.0013
681,22,4,1,0,1,21.32,25,77,16.9979
681,23,4,1,0,2,22.14,25.76,77,15.0013
682,0,4,0,1,2,21.32,25,83,19.0012
682,1,4,0,1,3,18.04,21.97,88,43.0006
682,2,4,0,1,3,14.76,15.91,87,30.0026
682,3,4,0,1,3,14.76,16.665,87,23.9994
682,4,4,0,1,2,14.76,16.665,81,26.0027
682,5,4,0,1,2,13.94,15.91,87,19.0012
682,6,4,0,1,3,13.12,14.395,81,31.0009
682,7,4,0,1,3,13.12,15.15,87,16.9979
682,8,4,0,1,3,13.12,15.15,87,16.9979
682,9,4,0,1,3,13.12,15.15,81,22.0028
682,10,4,0,1,3,12.3,13.635,75,26.0027
682,11,4,0,1,1,13.12,15.15,70,16.9979
682,12,4,0,1,1,13.94,15.91,61,19.0012
682,13,4,0,1,1,13.94,15.91,53,16.9979
682,14,4,0,1,1,15.58,19.695,46,26.0027
682,15,4,0,1,1,16.4,20.455,40,19.9995
682,16,4,0,1,1,15.58,19.695,40,19.9995
682,17,4,0,1,1,13.94,15.15,49,23.9994
682,18,4,0,1,1,13.94,15.91,49,19.0012
682,19,4,0,1,1,13.12,14.395,49,23.9994
682,20,4,0,1,1,12.3,13.635,49,23.9994
682,21,4,0,1,1,12.3,13.635,49,23.9994
682,22,4,0,1,1,10.66,11.365,56,22.0028
682,23,4,0,1,1,10.66,11.365,56,19.9995
683,0,4,0,1,1,10.66,12.12,56,19.0012
683,1,4,0,1,1,9.84,10.605,60,19.9995
683,2,4,0,1,1,9.84,10.605,60,19.9995
683,3,4,0,1,1,9.84,11.365,65,15.0013
683,4,4,0,1,1,9.02,11.365,69,12.998
683,5,4,0,1,1,9.02,11.365,69,12.998
683,6,4,0,1,1,9.84,11.365,65,12.998
683,7,4,0,1,1,9.84,10.605,65,19.0012
683,8,4,0,1,1,11.48,12.88,56,19.9995
683,9,4,0,1,1,12.3,13.635,52,26.0027
683,10,4,0,1,1,13.12,14.395,45,23.9994
683,11,4,0,1,1,13.12,15.15,49,16.9979
683,12,4,0,1,1,13.94,16.665,46,0
683,13,4,0,1,1,14.76,16.665,43,16.9979
683,14,4,0,1,1,14.76,17.425,43,8.9981
683,15,4,0,1,1,14.76,16.665,43,19.0012
683,16,4,0,1,1,13.94,17.425,46,7.0015
683,17,4,0,1,1,13.12,15.91,49,12.998
683,18,4,0,1,1,13.12,15.91,53,11.0014
683,19,4,0,1,1,12.3,15.15,52,11.0014
683,20,4,0,1,1,12.3,15.91,52,6.0032
683,21,4,0,1,1,12.3,16.665,56,0
683,22,4,0,1,1,11.48,15.91,61,0
683,23,4,0,1,1,9.84,12.12,70,8.9981
684,0,4,0,1,2,10.66,15.15,65,0
684,1,4,0,1,2,10.66,13.635,65,7.0015
684,2,4,0,1,2,10.66,12.88,70,11.0014
684,3,4,0,1,2,10.66,14.395,70,6.0032
684,4,4,0,1,2,11.48,14.395,65,8.9981
684,5,4,0,1,2,12.3,14.395,61,15.0013
684,6,4,0,1,2,12.3,14.395,65,16.9979
684,7,4,0,1,2,12.3,14.395,65,12.998
684,8,4,0,1,2,12.3,14.395,61,15.0013
684,9,4,0,1,2,13.12,15.91,61,12.998
684,10,4,0,1,2,13.12,16.665,66,8.9981
684,11,4,0,1,2,13.94,16.665,61,8.9981
684,12,4,0,1,2,14.76,18.18,62,7.0015
684,13,4,0,1,2,15.58,19.695,54,7.0015
684,14,4,0,1,2,15.58,19.695,54,11.0014
684,15,4,0,1,2,15.58,19.695,58,11.0014
684,16,4,0,1,2,14.76,17.425,57,12.998
684,17,4,0,1,2,14.76,17.425,57,15.0013
684,18,4,0,1,2,14.76,17.425,57,12.998
684,19,4,0,1,2,13.94,16.665,61,8.9981
684,20,4,0,1,1,13.94,17.425,61,7.0015
684,21,4,0,1,2,13.12,16.665,66,7.0015
684,22,4,0,1,2,13.12,15.91,66,11.0014
684,23,4,0,1,2,13.12,15.91,61,11.0014
685,0,4,0,1,2,13.12,16.665,66,7.0015
685,1,4,0,1,2,12.3,15.91,65,6.0032
685,2,4,0,1,2,12.3,15.15,70,11.0014
685,3,4,0,1,2,12.3,15.15,65,8.9981
685,4,4,0,1,2,12.3,15.91,65,7.0015
685,5,4,0,1,2,12.3,15.91,65,6.0032
685,6,4,0,1,2,12.3,15.91,61,6.0032
685,7,4,0,1,2,12.3,15.15,61,11.0014
685,8,4,0,1,2,13.12,16.665,57,8.9981
685,9,4,0,1,1,13.94,17.425,53,7.0015
685,10,4,0,1,1,13.94,16.665,53,12.998
685,11,4,0,1,1,15.58,19.695,43,15.0013
685,12,4,0,1,1,16.4,20.455,43,19.0012
685,13,4,0,1,1,17.22,21.21,38,12.998
685,14,4,0,1,1,17.22,21.21,35,7.0015
685,15,4,0,1,1,17.22,21.21,38,8.9981
685,16,4,0,1,1,17.22,21.21,35,19.0012
685,17,4,0,1,1,14.76,17.425,46,12.998
685,18,4,0,1,1,13.94,16.665,53,11.0014
685,19,4,0,1,1,14.76,17.425,46,15.0013
685,20,4,0,1,1,14.76,16.665,46,16.9979
685,21,4,0,1,1,13.94,16.665,49,12.998
685,22,4,0,1,1,13.12,15.15,53,16.9979
685,23,4,0,1,1,13.12,15.15,53,15.0013
686,0,4,0,0,1,12.3,15.15,52,11.0014
686,1,4,0,0,1,10.66,12.88,60,12.998
686,2,4,0,0,1,10.66,12.88,65,12.998
686,3,4,0,0,1,10.66,12.88,65,12.998
686,4,4,0,0,1,9.84,11.365,70,12.998
686,5,4,0,0,1,9.84,12.12,70,11.0014
686,6,4,0,0,1,9.84,11.365,70,15.0013
686,7,4,0,0,1,9.84,11.365,70,12.998
686,8,4,0,0,1,10.66,12.88,65,15.0013
686,9,4,0,0,1,13.94,15.91,49,15.0013
686,10,4,0,0,1,14.76,16.665,46,16.9979
686,11,4,0,0,1,15.58,19.695,43,12.998
686,12,4,0,0,1,16.4,20.455,40,11.0014
686,13,4,0,0,1,17.22,21.21,38,16.9979
686,14,4,0,0,1,17.22,21.21,38,12.998
686,15,4,0,0,1,17.22,21.21,35,19.9995
686,16,4,0,0,1,16.4,20.455,40,15.0013
686,17,4,0,0,1,15.58,19.695,40,11.0014
686,18,4,0,0,1,14.76,18.18,50,7.0015
686,19,4,0,0,1,13.94,17.425,53,6.0032
686,20,4,0,0,2,13.94,17.425,66,6.0032
686,21,4,0,0,2,13.12,16.665,57,7.0015
686,22,4,0,0,2,13.12,16.665,57,7.0015
686,23,4,0,0,2,12.3,15.91,70,7.0015
687,0,4,0,0,2,12.3,15.15,70,11.0014
687,1,4,0,0,1,12.3,14.395,70,12.998
687,2,4,0,0,1,11.48,14.395,81,7.0015
687,3,4,0,0,2,12.3,15.15,81,11.0014
687,4,4,0,0,2,12.3,14.395,81,12.998
687,5,4,0,0,1,11.48,14.395,81,8.9981
687,6,4,0,0,1,11.48,13.635,81,11.0014
687,7,4,0,0,1,11.48,13.635,81,12.998
687,8,4,0,0,1,12.3,14.395,75,16.9979
687,9,4,0,0,1,13.12,15.15,70,16.9979
687,10,4,0,0,1,13.94,15.15,66,19.9995
687,11,4,0,0,1,15.58,19.695,62,19.0012
687,12,4,0,0,1,16.4,20.455,62,19.0012
687,13,4,0,0,1,16.4,20.455,62,22.0028
687,14,4,0,0,1,16.4,20.455,62,19.9995
687,15,4,0,0,1,17.22,21.21,54,19.0012
687,16,4,0,0,2,16.4,20.455,62,22.0028
687,17,4,0,0,2,15.58,19.695,66,16.9979
687,18,4,0,0,1,14.76,17.425,66,15.0013
687,19,4,0,0,1,14.76,17.425,66,11.0014
687,20,4,0,0,1,14.76,17.425,66,11.0014
687,21,4,0,0,1,14.76,16.665,66,16.9979
687,22,4,0,0,2,14.76,16.665,66,16.9979
687,23,4,0,0,1,14.76,17.425,66,15.0013
688,0,4,0,1,1,14.76,17.425,66,15.0013
688,1,4,0,1,2,14.76,17.425,66,15.0013
688,2,4,0,1,2,14.76,16.665,66,16.9979
688,3,4,0,1,2,14.76,17.425,66,15.0013
688,4,4,0,1,2,14.76,17.425,66,15.0013
688,5,4,0,1,2,14.76,17.425,66,15.0013
688,6,4,0,1,2,14.76,16.665,66,16.9979
688,7,4,0,1,2,14.76,16.665,66,19.9995
688,8,4,0,1,2,14.76,16.665,66,19.9995
688,9,4,0,1,2,14.76,16.665,66,16.9979
688,10,4,0,1,2,14.76,16.665,66,16.9979
688,11,4,0,1,2,15.58,19.695,66,16.9979
688,12,4,0,1,2,16.4,20.455,62,19.0012
688,13,4,0,1,1,18.04,21.97,54,16.9979
688,14,4,0,1,1,18.04,21.97,54,16.9979
688,15,4,0,1,1,18.04,21.97,54,12.998
688,16,4,0,1,1,17.22,21.21,58,16.9979
688,17,4,0,1,2,17.22,21.21,58,12.998
688,18,4,0,1,2,16.4,20.455,58,16.9979
688,19,4,0,1,2,16.4,20.455,58,19.0012
688,20,4,0,1,2,15.58,19.695,62,16.9979
688,21,4,0,1,2,15.58,19.695,54,15.0013
688,22,4,0,1,1,13.94,17.425,66,7.0015
688,23,4,0,1,1,13.94,17.425,66,7.0015
700,0,4,0,0,1,10.66,15.15,81,0
700,1,4,0,0,1,10.66,15.15,81,0
700,2,4,0,0,2,10.66,15.15,81,0
700,3,4,0,0,2,10.66,13.635,81,8.9981
700,4,4,0,0,1,10.66,14.395,81,6.0032
700,5,4,0,0,1,9.84,12.88,87,6.0032
700,6,4,0,0,1,9.84,12.12,87,8.9981
700,7,4,0,0,2,9.84,12.12,87,8.9981
700,8,4,0,0,2,9.84,12.12,87,8.9981
700,9,4,0,0,2,10.66,12.12,93,16.9979
700,10,4,0,0,2,11.48,13.635,89,11.0014
700,11,4,0,0,2,13.12,16.665,76,7.0015
700,12,4,0,0,2,13.12,16.665,81,6.0032
700,13,4,0,0,2,13.94,18.18,76,0
700,14,4,0,0,2,14.76,18.94,71,0
700,15,4,0,0,2,16.4,20.455,62,0
700,16,4,0,0,2,15.58,19.695,66,0
700,17,4,0,0,2,13.94,17.425,76,7.0015
700,18,4,0,0,2,13.94,18.18,76,0
700,19,4,0,0,2,13.12,17.425,81,0
700,20,4,0,0,1,13.12,17.425,81,0
700,21,4,0,0,2,12.3,16.665,87,0
700,22,4,0,0,2,12.3,16.665,87,0
700,23,4,0,0,2,13.12,17.425,81,0
701,0,4,0,0,2,12.3,15.91,87,6.0032
701,1,4,0,0,2,12.3,15.91,87,6.0032
701,2,4,0,0,2,12.3,16.665,87,0
701,3,4,0,0,2,10.66,15.15,93,0
701,4,4,0,0,2,10.66,15.15,93,0
701,5,4,0,0,2,10.66,15.15,93,0
701,6,4,0,0,2,9.84,12.12,93,8.9981
701,7,4,0,0,2,9.84,12.12,93,8.9981
701,8,4,0,0,2,10.66,14.395,93,6.0032
701,9,4,0,0,2,11.48,13.635,93,11.0014
701,10,4,0,0,2,12.3,16.665,87,0
701,11,4,0,0,2,13.12,15.91,81,11.0014
701,12,4,0,0,2,13.94,16.665,81,11.0014
701,13,4,0,0,1,16.4,20.455,71,15.0013
701,14,4,0,0,1,18.04,21.97,62,16.9979
701,15,4,0,0,1,18.04,21.97,67,8.9981
701,16,4,0,0,2,18.04,21.97,67,7.0015
701,17,4,0,0,3,16.4,20.455,76,12.998
701,18,4,0,0,2,18.04,21.97,72,7.0015
701,19,4,0,0,2,16.4,20.455,82,12.998
701,20,4,0,0,2,17.22,21.21,82,12.998
701,21,4,0,0,2,18.04,21.97,77,15.0013
701,22,4,0,0,2,18.04,21.97,77,12.998
701,23,4,0,0,2,17.22,21.21,82,8.9981
702,0,4,0,1,2,17.22,21.21,82,11.0014
702,1,4,0,1,1,16.4,20.455,82,8.9981
702,2,4,0,1,1,17.22,21.21,77,11.0014
702,3,4,0,1,1,15.58,19.695,87,0
702,4,4,0,1,1,14.76,18.94,93,0
702,5,4,0,1,1,13.94,17.425,93,6.0032
702,6,4,0,1,1,14.76,18.94,93,0
702,7,4,0,1,2,13.94,18.18,93,0
702,8,4,0,1,1,14.76,18.94,93,0
702,9,4,0,1,1,16.4,20.455,87,6.0032
702,10,4,0,1,1,18.04,21.97,77,8.9981
702,11,4,0,1,1,19.68,23.485,77,8.9981
702,12,4,0,1,1,21.32,25,68,11.0014
702,13,4,0,1,1,23.78,27.275,56,6.0032
702,14,4,0,1,1,24.6,31.06,53,0
702,15,4,0,1,1,24.6,31.06,56,0
702,16,4,0,1,1,24.6,31.06,53,8.9981
702,17,4,0,1,1,21.32,25,63,7.0015
702,18,4,0,1,1,20.5,24.24,68,6.0032
702,19,4,0,1,1,20.5,24.24,68,6.0032
702,20,4,0,1,2,18.86,22.725,77,0
702,21,4,0,1,1,18.04,21.97,82,12.998
702,22,4,0,1,1,17.22,21.21,82,7.0015
702,23,4,0,1,1,17.22,21.21,82,7.0015
703,0,4,0,1,1,17.22,21.21,88,7.0015
703,1,4,0,1,1,17.22,21.21,82,7.0015
703,2,4,0,1,1,17.22,21.21,88,6.0032
703,3,4,0,1,2,16.4,20.455,87,8.9981
703,4,4,0,1,2,16.4,20.455,87,8.9981
703,5,4,0,1,2,18.04,21.97,88,0
703,6,4,0,1,2,14.76,18.94,93,0
703,7,4,0,1,1,17.22,21.21,88,8.9981
703,8,4,0,1,2,18.04,21.97,88,11.0014
703,9,4,0,1,1,18.86,22.725,82,7.0015
703,10,4,0,1,1,18.86,22.725,82,12.998
703,11,4,0,1,1,19.68,23.485,77,12.998
703,12,4,0,1,1,21.32,25,68,12.998
703,13,4,0,1,2,22.14,25.76,64,11.0014
703,14,4,0,1,2,23.78,27.275,56,15.0013
703,15,4,0,1,2,24.6,31.06,49,16.9979
703,16,4,0,1,1,23.78,27.275,49,19.0012
703,17,4,0,1,1,21.32,25,59,15.0013
703,18,4,0,1,1,20.5,24.24,63,15.0013
703,19,4,0,1,1,19.68,23.485,67,15.0013
703,20,4,0,1,2,20.5,24.24,63,15.0013
703,21,4,0,1,2,20.5,24.24,63,16.9979
703,22,4,0,1,2,20.5,24.24,63,19.9995
703,23,4,0,1,1,19.68,23.485,67,16.9979
704,0,4,0,1,1,20.5,24.24,59,19.0012
704,1,4,0,1,1,21.32,25,55,22.0028
704,2,4,0,1,1,18.86,22.725,67,11.0014
704,3,4,0,1,1,19.68,23.485,67,8.9981
704,4,4,0,1,1,20.5,24.24,63,30.0026
704,5,4,0,1,1,20.5,24.24,59,19.0012
704,6,4,0,1,3,19.68,23.485,55,26.0027
704,7,4,0,1,3,18.86,22.725,59,19.9995
704,8,4,0,1,2,18.04,21.97,58,19.0012
704,9,4,0,1,2,18.04,21.97,51,15.0013
704,10,4,0,1,2,18.04,21.97,47,23.9994
704,11,4,0,1,1,18.04,21.97,44,19.0012
704,12,4,0,1,1,18.04,21.97,41,19.0012
704,13,4,0,1,1,18.86,22.725,41,19.0012
704,14,4,0,1,1,19.68,23.485,33,32.9975
704,15,4,0,1,1,19.68,23.485,33,19.0012
704,16,4,0,1,1,18.86,22.725,33,19.0012
704,17,4,0,1,1,18.04,21.97,35,19.0012
704,18,4,0,1,1,17.22,21.21,35,30.0026
704,19,4,0,1,1,15.58,19.695,43,23.9994
704,20,4,0,1,1,13.94,15.15,46,26.0027
704,21,4,0,1,1,13.94,15.15,46,27.9993
704,22,4,0,1,1,13.12,14.395,45,26.0027
704,23,4,0,1,1,12.3,13.635,49,26.0027
705,0,4,0,1,1,10.66,12.12,48,19.0012
705,1,4,0,1,1,10.66,12.12,48,19.0012
705,2,4,0,1,1,9.84,10.605,52,19.0012
705,3,4,0,1,1,9.02,11.365,55,12.998
705,4,4,0,1,1,9.02,10.605,55,19.9995
705,5,4,0,1,1,9.02,10.605,55,19.0012
705,6,4,0,1,1,9.02,10.605,55,19.9995
705,7,4,0,1,1,9.02,10.605,51,19.9995
705,8,4,0,1,1,9.02,10.605,51,19.9995
705,9,4,0,1,1,9.84,11.365,48,12.998
705,10,4,0,1,1,9.84,11.365,52,12.998
705,11,4,0,1,1,10.66,12.88,48,11.0014
705,12,4,0,1,1,11.48,15.91,41,0
705,13,4,0,1,1,12.3,16.665,39,0
705,14,4,0,1,1,12.3,15.91,42,6.0032
705,15,4,0,1,1,13.12,17.425,39,0
705,16,4,0,1,1,13.12,17.425,42,0
705,17,4,0,1,1,12.3,15.91,45,7.0015
705,18,4,0,1,1,11.48,13.635,45,11.0014
705,19,4,0,1,1,10.66,12.88,60,12.998
705,20,4,0,1,2,9.84,12.88,60,7.0015
705,21,4,0,1,2,9.84,12.12,60,8.9981
705,22,4,0,1,1,9.84,12.12,65,11.0014
705,23,4,0,1,1,9.84,12.12,65,11.0014
706,0,4,0,1,1,9.84,12.88,70,7.0015
706,1,4,0,1,2,9.84,11.365,70,12.998
706,2,4,0,1,2,10.66,13.635,70,8.9981
706,3,4,0,1,2,10.66,12.88,81,12.998
706,4,4,0,1,1,10.66,13.635,75,7.0015
706,5,4,0,1,2,10.66,13.635,81,7.0015
706,6,4,0,1,2,11.48,13.635,75,11.0014
706,7,4,0,1,3,11.48,13.635,81,11.0014
706,8,4,0,1,2,12.3,14.395,75,12.998
706,9,4,0,1,2,12.3,15.15,81,8.9981
706,10,4,0,1,2,13.12,15.91,76,11.0014
706,11,4,0,1,2,13.12,15.91,76,12.998
706,12,4,0,1,2,13.94,16.665,71,12.998
706,13,4,0,1,2,14.76,17.425,66,8.9981
706,14,4,0,1,2,14.76,17.425,71,11.0014
706,15,4,0,1,2,14.76,17.425,71,11.0014
706,16,4,0,1,1,14.76,17.425,76,8.9981
706,17,4,0,1,2,15.58,19.695,66,0
706,18,4,0,1,2,15.58,19.695,71,7.0015
706,19,4,0,1,2,15.58,19.695,76,0
706,20,4,0,1,3,15.58,19.695,76,7.0015
706,21,4,0,1,2,14.76,18.18,93,7.0015
706,22,4,0,1,2,14.76,18.18,93,6.0032
706,23,4,0,1,2,14.76,18.18,93,6.0032
707,0,4,0,0,2,14.76,18.18,93,6.0032
707,1,4,0,0,2,14.76,17.425,93,8.9981
707,2,4,0,0,2,14.76,17.425,93,8.9981
707,3,4,0,0,2,14.76,18.18,93,7.0015
707,4,4,0,0,2,14.76,18.94,93,0
707,5,4,0,0,2,14.76,18.18,93,7.0015
707,6,4,0,0,2,14.76,18.18,93,7.0015
707,7,4,0,0,2,14.76,18.18,100,6.0032
707,8,4,0,0,2,15.58,19.695,94,6.0032
707,9,4,0,0,2,15.58,19.695,94,0
707,10,4,0,0,2,16.4,20.455,87,8.9981
707,11,4,0,0,2,16.4,20.455,87,7.0015
707,12,4,0,0,2,16.4,20.455,87,15.0013
707,13,4,0,0,2,16.4,20.455,87,11.0014
707,14,4,0,0,2,16.4,20.455,87,19.0012
707,15,4,0,0,1,17.22,21.21,82,11.0014
707,16,4,0,0,1,17.22,21.21,82,11.0014
707,17,4,0,0,1,15.58,19.695,87,8.9981
707,18,4,0,0,1,16.4,20.455,87,7.0015
707,19,4,0,0,1,16.4,20.455,87,0
707,20,4,0,0,2,14.76,18.94,100,0
707,21,4,0,0,2,14.76,18.94,100,0
707,22,4,0,0,2,15.58,19.695,94,7.0015
707,23,4,0,0,2,16.4,20.455,94,0
708,0,4,0,0,2,16.4,20.455,87,8.9981
708,1,4,0,0,2,16.4,20.455,87,7.0015
708,2,4,0,0,2,16.4,20.455,87,7.0015
708,3,4,0,0,2,16.4,20.455,87,7.0015
708,4,4,0,0,2,16.4,20.455,94,7.0015
708,5,4,0,0,2,16.4,20.455,87,7.0015
708,6,4,0,0,3,16.4,20.455,94,7.0015
708,7,4,0,0,3,16.4,20.455,87,15.0013
708,8,4,0,0,3,16.4,20.455,87,11.0014
708,9,4,0,0,2,16.4,20.455,87,16.9979
708,10,4,0,0,2,16.4,20.455,87,19.0012
708,11,4,0,0,2,16.4,20.455,87,19.9995
708,12,4,0,0,2,16.4,20.455,82,19.9995
708,13,4,0,0,2,15.58,19.695,87,19.0012
708,14,4,0,0,2,15.58,19.695,87,12.998
708,15,4,0,0,3,14.76,17.425,93,11.0014
708,16,4,0,0,3,14.76,17.425,93,11.0014
708,17,4,0,0,3,14.76,17.425,93,8.9981
708,18,4,0,0,3,14.76,18.18,93,6.0032
708,19,4,0,0,3,15.58,19.695,94,6.0032
708,20,4,0,0,3,14.76,18.18,100,6.0032
708,21,4,0,0,2,14.76,18.18,100,7.0015
708,22,4,0,0,3,14.76,18.18,93,7.0015
708,23,4,0,0,3,14.76,18.18,100,6.0032
709,0,4,0,1,3,14.76,18.18,100,6.0032
709,1,4,0,1,2,14.76,18.94,100,0
709,2,4,0,1,2,15.58,19.695,94,7.0015
709,3,4,0,1,2,15.58,19.695,94,7.0015
709,4,4,0,1,2,15.58,19.695,94,7.0015
709,5,4,0,1,2,15.58,19.695,94,7.0015
709,6,4,0,1,2,15.58,19.695,94,11.0014
709,7,4,0,1,2,15.58,19.695,94,16.9979
709,8,4,0,1,2,17.22,21.21,100,16.9979
709,9,4,0,1,2,17.22,21.21,100,15.0013
709,10,4,0,1,2,18.04,21.97,94,15.0013
709,11,4,0,1,3,18.86,22.725,94,15.0013
709,12,4,0,1,3,18.04,21.97,100,15.0013
709,13,4,0,1,3,18.04,21.97,100,15.0013
709,14,4,0,1,2,20.5,24.24,94,15.0013
709,15,4,0,1,2,20.5,24.24,87,11.0014
709,16,4,0,1,2,20.5,24.24,88,7.0015
709,17,4,0,1,2,19.68,23.485,82,19.0012
709,18,4,0,1,2,18.86,22.725,88,19.0012
709,19,4,0,1,1,21.32,25,77,19.0012
709,20,4,0,1,1,18.86,22.725,88,16.9979
709,21,4,0,1,2,18.86,22.725,94,12.998
709,22,4,0,1,2,20.5,24.24,82,15.0013
709,23,4,0,1,1,18.86,22.725,88,16.9979
710,0,4,0,1,3,18.86,22.725,77,31.0009
710,1,4,0,1,1,17.22,21.21,71,30.0026
710,2,4,0,1,2,16.4,20.455,66,22.0028
710,3,4,0,1,3,14.76,16.665,76,19.0012
710,4,4,0,1,2,13.94,15.91,76,19.0012
710,5,4,0,1,3,13.94,15.15,71,22.0028
710,6,4,0,1,2,13.94,15.15,71,19.9995
710,7,4,0,1,1,13.94,15.15,66,27.9993
710,8,4,0,1,2,13.94,15.15,61,19.9995
710,9,4,0,1,1,13.94,15.15,61,26.0027
710,10,4,0,1,1,14.76,16.665,57,22.0028
710,11,4,0,1,2,14.76,16.665,53,23.9994
710,12,4,0,1,2,14.76,15.91,53,30.0026
710,13,4,0,1,2,15.58,19.695,50,15.0013
710,14,4,0,1,2,15.58,19.695,50,15.0013
710,15,4,0,1,2,15.58,19.695,50,15.0013
710,16,4,0,1,2,15.58,19.695,50,15.0013
710,17,4,0,1,1,13.12,15.15,53,15.0013
710,18,4,0,1,1,13.12,15.15,53,15.0013
710,19,4,0,1,1,13.12,15.15,53,15.0013
710,20,4,0,1,1,13.12,15.15,53,15.0013
710,21,4,0,1,1,13.12,15.91,53,12.998
710,22,4,0,1,1,12.3,14.395,56,15.0013
710,23,4,0,1,1,12.3,14.395,52,15.0013
711,0,4,0,1,1,12.3,15.15,52,11.0014
711,1,4,0,1,1,11.48,13.635,61,15.0013
711,2,4,0,1,1,11.48,13.635,56,11.0014
711,3,4,0,1,1,10.66,13.635,60,8.9981
711,4,4,0,1,1,10.66,15.15,60,0
711,5,4,0,1,1,10.66,12.88,60,12.998
711,6,4,0,1,2,10.66,12.12,60,16.9979
711,7,4,0,1,2,10.66,12.88,60,12.998
711,8,4,0,1,2,10.66,12.88,65,11.0014
711,9,4,0,1,2,11.48,14.395,61,8.9981
711,10,4,0,1,2,12.3,15.15,56,11.0014
711,11,4,0,1,2,13.12,15.15,49,15.0013
711,12,4,0,1,2,13.94,18.18,42,0
711,13,4,0,1,2,13.94,18.18,42,0
711,14,4,0,1,2,13.94,18.18,46,0
711,15,4,0,1,2,13.94,17.425,46,7.0015
711,16,4,0,1,2,13.94,16.665,46,8.9981
711,17,4,0,1,2,13.12,15.15,53,15.0013
711,18,4,0,1,2,13.12,15.15,49,15.0013
711,19,4,0,1,2,12.3,14.395,56,15.0013
711,20,4,0,1,1,12.3,14.395,52,19.0012
711,21,4,0,1,2,12.3,14.395,52,16.9979
711,22,4,0,1,2,12.3,14.395,52,15.0013
711,23,4,0,1,2,11.48,13.635,56,15.0013
712,0,4,0,1,2,11.48,13.635,52,15.0013
712,1,4,0,1,2,11.48,12.88,52,19.0012
712,2,4,0,1,2,10.66,12.12,56,16.9979
712,3,4,0,1,2,10.66,12.12,56,19.0012
712,4,4,0,1,2,10.66,12.88,56,12.998
712,5,4,0,1,2,10.66,12.88,56,11.0014
712,6,4,0,1,1,10.66,12.12,56,16.9979
712,7,4,0,1,1,9.84,11.365,60,15.0013
712,8,4,0,1,1,9.84,11.365,60,12.998
712,9,4,0,1,1,11.48,13.635,52,16.9979
712,10,4,0,1,1,13.12,15.15,45,19.0012
712,11,4,0,1,1,13.94,15.91,42,16.9979
712,12,4,0,1,1,14.76,16.665,40,16.9979
712,13,4,0,1,1,14.76,17.425,34,12.998
712,14,4,0,1,1,14.76,17.425,34,11.0014
712,15,4,0,1,1,14.76,17.425,34,8.9981
712,16,4,0,1,1,13.94,17.425,39,7.0015
712,17,4,0,1,1,13.12,16.665,42,7.0015
712,18,4,0,1,1,13.12,16.665,42,7.0015
712,19,4,0,1,1,12.3,15.15,45,11.0014
712,20,4,0,1,1,12.3,16.665,45,0
712,21,4,0,1,1,11.48,15.91,48,0
712,22,4,0,1,1,10.66,14.395,60,6.0032
712,23,4,0,1,1,10.66,15.15,60,0
713,0,4,0,1,1,9.02,12.88,64,6.0032
713,1,4,0,1,1,9.02,12.88,69,6.0032
713,2,4,0,1,1,9.02,13.635,69,0
713,3,4,0,1,1,8.2,11.365,69,7.0015
713,4,4,0,1,1,8.2,11.365,75,6.0032
713,5,4,0,1,1,8.2,11.365,69,7.0015
713,6,4,0,1,1,6.56,9.09,80,7.0015
713,7,4,0,1,1,8.2,10.605,72,7.0015
713,8,4,0,1,1,8.2,11.365,69,6.0032
713,9,4,0,1,1,9.84,12.12,75,8.9981
713,10,4,0,1,1,10.66,12.88,81,12.998
713,11,4,0,1,1,13.12,15.15,65,12.998
713,12,4,0,1,1,14.76,17.425,50,12.998
713,13,4,0,1,1,14.76,17.425,50,15.0013
713,14,4,0,1,1,16.4,20.455,43,12.998
713,15,4,0,1,1,16.4,20.455,47,11.0014
713,16,4,0,1,1,15.58,19.695,54,12.998
713,17,4,0,1,1,13.94,16.665,57,11.0014
713,18,4,0,1,1,14.76,17.425,46,8.9981
713,19,4,0,1,1,13.94,17.425,53,6.0032
713,20,4,0,1,1,13.12,16.665,61,8.9981
713,21,4,0,1,1,12.3,15.15,75,11.0014
713,22,4,0,1,1,11.48,14.395,75,7.0015
713,23,4,0,1,1,11.48,15.15,75,6.0032
714,0,4,0,0,1,12.3,16.665,70,0
714,1,4,0,0,2,10.66,14.395,81,6.0032
714,2,4,0,0,1,10.66,15.15,81,0
714,3,4,0,0,2,9.84,14.395,81,0
714,4,4,0,0,2,9.84,12.88,87,7.0015
714,5,4,0,0,2,10.66,15.15,75,0
714,6,4,0,0,2,9.84,14.395,75,0
714,7,4,0,0,2,9.84,12.88,75,6.0032
714,8,4,0,0,2,10.66,14.395,75,6.0032
714,9,4,0,0,1,10.66,13.635,75,7.0015
714,10,4,0,0,1,13.12,15.91,61,11.0014
714,11,4,0,0,1,13.94,17.425,61,6.0032
714,12,4,0,0,1,15.58,19.695,50,6.0032
714,13,4,0,0,1,15.58,19.695,54,16.9979
714,14,4,0,0,1,16.4,20.455,50,11.0014
714,15,4,0,0,1,17.22,21.21,47,0
714,16,4,0,0,1,16.4,20.455,50,8.9981
714,17,4,0,0,1,16.4,20.455,50,15.0013
714,18,4,0,0,1,15.58,19.695,58,11.0014
714,19,4,0,0,1,14.76,17.425,62,8.9981
714,20,4,0,0,2,14.76,17.425,57,12.998
714,21,4,0,0,1,14.76,17.425,62,8.9981
714,22,4,0,0,1,14.76,17.425,62,12.998
714,23,4,0,0,2,14.76,17.425,62,8.9981
715,0,4,0,0,2,14.76,18.94,62,0
715,1,4,0,0,3,13.94,17.425,76,7.0015
715,2,4,0,0,2,13.94,17.425,87,6.0032
715,3,4,0,0,2,13.94,16.665,87,12.998
715,4,4,0,0,2,13.94,18.18,87,0
715,5,4,0,0,2,13.94,18.18,87,0
715,6,4,0,0,2,13.94,18.18,87,0
715,7,4,0,0,2,13.94,17.425,87,6.0032
715,8,4,0,0,2,14.76,17.425,87,8.9981
715,9,4,0,0,2,14.76,17.425,87,8.9981
715,10,4,0,0,2,14.76,17.425,87,8.9981
715,11,4,0,0,2,14.76,17.425,87,8.9981
715,12,4,0,0,2,15.58,19.695,82,12.998
715,13,4,0,0,2,15.58,19.695,76,12.998
715,14,4,0,0,2,15.58,19.695,76,8.9981
715,15,4,0,0,2,15.58,19.695,82,7.0015
715,16,4,0,0,2,15.58,19.695,82,7.0015
715,17,4,0,0,2,15.58,19.695,82,7.0015
715,18,4,0,0,3,15.58,19.695,82,7.0015
715,19,4,0,0,1,14.76,17.425,93,8.9981
715,20,4,0,0,2,15.58,19.695,82,0
715,21,4,0,0,2,14.76,18.94,93,0
715,22,4,0,0,2,16.4,20.455,82,12.998
715,23,4,0,0,2,14.76,17.425,93,8.9981
716,0,4,0,1,2,15.58,19.695,87,0
716,1,4,0,1,2,15.58,19.695,87,7.0015
716,2,4,0,1,2,15.58,19.695,94,0
716,3,4,0,1,2,14.76,18.94,93,0
716,4,4,0,1,3,14.76,18.94,100,0
716,5,4,0,1,2,15.58,19.695,87,0
716,6,4,0,1,2,14.76,17.425,93,8.9981
716,7,4,0,1,2,14.76,17.425,93,8.9981
716,8,4,0,1,2,15.58,19.695,87,7.0015
716,9,4,0,1,2,16.4,20.455,87,0
716,10,4,0,1,2,15.58,19.695,87,6.0032
716,11,4,0,1,2,16.4,20.455,87,6.0032
716,12,4,0,1,2,16.4,20.455,87,0
716,13,4,0,1,2,16.4,20.455,87,8.9981
716,14,4,0,1,2,16.4,20.455,87,6.0032
716,15,4,0,1,2,17.22,21.21,88,0
716,16,4,0,1,3,16.4,20.455,94,16.9979
716,17,4,0,1,2,16.4,20.455,94,16.9979
716,18,4,0,1,2,16.4,20.455,94,6.0032
716,19,4,0,1,2,17.22,21.21,88,8.9981
716,20,4,0,1,2,17.22,21.21,94,16.9979
716,21,4,0,1,2,17.22,21.21,94,8.9981
716,22,4,0,1,2,17.22,21.21,94,8.9981
716,23,4,0,1,3,17.22,21.21,94,15.0013
717,0,4,0,1,2,18.04,21.97,94,8.9981
717,1,4,0,1,2,18.04,21.97,94,8.9981
717,2,4,0,1,2,18.04,21.97,88,15.0013
717,3,4,0,1,1,17.22,21.21,88,12.998
717,4,4,0,1,1,17.22,21.21,82,11.0014
717,5,4,0,1,1,15.58,19.695,87,6.0032
717,6,4,0,1,1,14.76,17.425,93,11.0014
717,7,4,0,1,1,14.76,17.425,93,8.9981
717,8,4,0,1,1,15.58,19.695,94,0
717,9,4,0,1,1,16.4,20.455,87,6.0032
717,10,4,0,1,1,18.04,21.97,77,6.0032
717,11,4,0,1,1,19.68,23.485,63,15.0013
717,12,4,0,1,3,19.68,23.485,48,16.9979
717,13,4,0,1,1,20.5,24.24,42,19.0012
717,14,4,0,1,1,18.86,22.725,47,30.0026
717,15,4,0,1,1,18.86,22.725,44,32.9975
717,16,4,0,1,1,18.04,21.97,41,31.0009
717,17,4,0,1,1,16.4,20.455,47,30.0026
717,18,4,0,1,1,15.58,19.695,46,22.0028
717,19,4,0,1,1,15.58,19.695,46,26.0027
717,20,4,0,1,1,14.76,16.665,50,16.9979
717,21,4,0,1,1,14.76,17.425,50,15.0013
717,22,4,0,1,1,13.94,16.665,49,0
717,23,4,0,1,1,13.94,17.425,49,6.0032
718,0,4,0,1,1,12.3,15.91,61,0
718,1,4,0,1,1,12.3,15.91,65,6.0032
718,2,4,0,1,1,11.48,15.15,65,6.0032
718,3,4,0,1,1,10.66,13.635,75,8.9981
718,4,4,0,1,1,9.84,12.12,75,8.9981
718,5,4,0,1,1,10.66,14.395,75,6.0032
718,6,4,0,1,1,9.84,12.88,75,6.0032
718,7,4,0,1,1,10.66,13.635,75,8.9981
718,8,4,0,1,1,9.84,12.88,87,7.0015
718,9,4,0,1,1,11.48,14.395,75,7.0015
718,10,4,0,1,1,13.12,16.665,70,7.0015
718,11,4,0,1,1,16.4,20.455,54,15.0013
718,12,4,0,1,1,16.4,20.455,54,19.0012
718,13,4,0,1,1,17.22,21.21,50,12.998
718,14,4,0,1,1,17.22,21.21,50,12.998
718,15,4,0,1,1,17.22,21.21,50,19.0012
718,16,4,0,1,1,17.22,21.21,50,23.9994
718,17,4,0,1,1,16.4,20.455,50,26.0027
718,18,4,0,1,1,15.58,19.695,50,23.9994
718,19,4,0,1,1,15.58,19.695,50,26.0027
718,20,4,0,1,1,14.76,17.425,57,15.0013
718,21,4,0,1,1,13.94,15.91,61,15.0013
718,22,4,0,1,1,13.94,17.425,61,6.0032
718,23,4,0,1,1,13.12,16.665,66,8.9981
